score,wallet,gmgn,pumpfun,maxtenminutes,winrate,traded_token,port_token,num_inside,laitren80,avg_roi,latestmonth_avg_pnl_latestmonth,pnl_latestmonth,threemonths_avg_pnl_latestmonth,pnl_threemonths,concatenated_inside
13,GDrWv3LvTQ9KthfTsdQBqThmchfseHdx7QKzFKyC71Y4,"<a href=https://gmgn.ai/sol/address/GDrWv3LvTQ9KthfTsdQBqThmchfseHdx7QKzFKyC71Y4 target=_blank"">ðŸ”Ž </a>",0,0,18,27,27,2,3,3,5239,141445.0,5138,148999.0,[GOAT Fartcoin]
9,61kJZcG8pHEKn7KPfJwWbFPsvNqS6Nu9JMWjcD7nFZPa,"<a href=https://gmgn.ai/sol/address/61kJZcG8pHEKn7KPfJwWbFPsvNqS6Nu9JMWjcD7nFZPa target=_blank"">ðŸ”Ž </a>",3,10,28,28,25,1,5,17,2555,63874.0,2555,63874.0,[ZOA]
14,FJaDZaB4ZowUHHVbr62Bcy7nqu8JvFDqWVuzhcUWMhW2,"<a href=https://gmgn.ai/sol/address/FJaDZaB4ZowUHHVbr62Bcy7nqu8JvFDqWVuzhcUWMhW2 target=_blank"">ðŸ”Ž </a>",0,7,46,14,13,2,3,50,6140,79823.0,6140,79823.0,[fur scihub]
6,HU58ZPNjL7TZUhbAgz7zWxdUxh7zG9yUgvdeENaovuFP,"<a href=https://gmgn.ai/sol/address/HU58ZPNjL7TZUhbAgz7zWxdUxh7zG9yUgvdeENaovuFP target=_blank"">ðŸ”Ž </a>",4,1,28,62,60,1,8,-2,1557,93448.0,1713,104512.0,[Pnut]
6,GCsrjVSwicpmjYu8V1VnhVgfHygXs7kfdhM1LbiWBnQ6,"<a href=https://gmgn.ai/sol/address/GCsrjVSwicpmjYu8V1VnhVgfHygXs7kfdhM1LbiWBnQ6 target=_blank"">ðŸ”Ž </a>",5,7,11,102,84,1,7,45,1237,103922.0,1204,109560.0,[HYPRâˆž]
14,5UB5nToGo1XnZUV1mLfNXSUijuQX8nsz8ca3NXjeDuc6,"<a href=https://gmgn.ai/sol/address/5UB5nToGo1XnZUV1mLfNXSUijuQX8nsz8ca3NXjeDuc6 target=_blank"">ðŸ”Ž </a>",2,15,50,38,28,5,12,168,16103,450873.0,16311,489344.0,[AVB POPCAT GIGA LOCKIN $michi]
9,ExJASXFHjc3w4XYTv1jgeM195XascrEBiZDV5oLN7Cey,"<a href=https://gmgn.ai/sol/address/ExJASXFHjc3w4XYTv1jgeM195XascrEBiZDV5oLN7Cey target=_blank"">ðŸ”Ž </a>",0,3,24,27,25,1,3,-1,1593,39817.0,2944,76550.0,[scihub]
7,Gu3nWshZ3MENaCjpEtZaJRWyiW8dKvvSkDu7e5rwrBWK,"<a href=https://gmgn.ai/sol/address/Gu3nWshZ3MENaCjpEtZaJRWyiW8dKvvSkDu7e5rwrBWK target=_blank"">ðŸ”Ž </a>",0,0,50,6,6,1,1,28,1847,11080.0,1847,11080.0,[ACT]
11,2GFBSg5FqwAKs273A3gDK81ApCQESkEfYXcR6EqaA7Tw,"<a href=https://gmgn.ai/sol/address/2GFBSg5FqwAKs273A3gDK81ApCQESkEfYXcR6EqaA7Tw target=_blank"">ðŸ”Ž </a>",0,1,18,71,65,1,5,4,4954,322024.0,4585,325537.0,[TITS]
14,2A6YC1TzxkmHzW4Vikfq61YPoGvLpd4btjejNHhqqvbn,"<a href=https://gmgn.ai/sol/address/2A6YC1TzxkmHzW4Vikfq61YPoGvLpd4btjejNHhqqvbn target=_blank"">ðŸ”Ž </a>",7,0,61,14,13,4,5,85,24666,320660.0,22632,316853.0,[FOREST FRED wibwob Cheyenne]
9,4dsN7CDekEjB3xXN211DuhxoCTCDfu7jvDfc89Sm3NiL,"<a href=https://gmgn.ai/sol/address/4dsN7CDekEjB3xXN211DuhxoCTCDfu7jvDfc89Sm3NiL target=_blank"">ðŸ”Ž </a>",0,3,13,101,88,2,9,185,1839,161857.0,2102,229076.0,[MOODENG GIGA]
5,yMeSjwAG8NiX5FwNC67ojdq5k3dD7AE1zWZUx5eKcmG,"<a href=https://gmgn.ai/sol/address/yMeSjwAG8NiX5FwNC67ojdq5k3dD7AE1zWZUx5eKcmG target=_blank"">ðŸ”Ž </a>",0,7,16,13,12,1,1,-19,1772,21261.0,29,409.0,[Peanut]
9,oH8tg1q1xaFVPRUsuAsRYvK6YxNhjqkyX5vjao8TZBn,"<a href=https://gmgn.ai/sol/address/oH8tg1q1xaFVPRUsuAsRYvK6YxNhjqkyX5vjao8TZBn target=_blank"">ðŸ”Ž </a>",4,9,29,65,58,2,7,46,2463,142878.0,3181,187654.0,[BITCAT Nailong]
7,9ccRJ91feMUbD5UjuddE9ofg4C2mKxNHYHkqR4z6oHUs,"<a href=https://gmgn.ai/sol/address/9ccRJ91feMUbD5UjuddE9ofg4C2mKxNHYHkqR4z6oHUs target=_blank"">ðŸ”Ž </a>",6,0,40,16,15,1,5,29,1871,28066.0,1871,28066.0,[scihub]
13,Y2r6Hdh5hiAMk6zEsUBbsQ9ByZyKHr2oJT2TqZDmn4o,"<a href=https://gmgn.ai/sol/address/Y2r6Hdh5hiAMk6zEsUBbsQ9ByZyKHr2oJT2TqZDmn4o target=_blank"">ðŸ”Ž </a>",0,0,28,7,7,1,0,11,11253,78770.0,11253,78770.0,[SHRUB]
14,FzRwFTYByUDE4QXhbpVUQ7ym5QqZ5tn64AzvtCMZ5i1A,"<a href=https://gmgn.ai/sol/address/FzRwFTYByUDE4QXhbpVUQ7ym5QqZ5tn64AzvtCMZ5i1A target=_blank"">ðŸ”Ž </a>",0,0,41,17,17,1,4,187,5044,85752.0,5044,85752.0,[EARL]
14,2fWpKaQdLx35TK3o6c4UvhfaKfcEebuopHfsZycr7NYc,"<a href=https://gmgn.ai/sol/address/2fWpKaQdLx35TK3o6c4UvhfaKfcEebuopHfsZycr7NYc target=_blank"">ðŸ”Ž </a>",0,2,41,46,36,4,6,19,9399,338365.0,8423,320081.0,[BITCAT ZEREBRO BULLY DTF]
13,pBG1yUYHXjjJmDrTbXfuZb9znGdsoqww1BiPZGbVCfR,"<a href=https://gmgn.ai/sol/address/pBG1yUYHXjjJmDrTbXfuZb9znGdsoqww1BiPZGbVCfR target=_blank"">ðŸ”Ž </a>",8,29,29,24,17,2,4,40,13444,228555.0,13444,228555.0,[LESTER $RIF]
11,83XcyTyB7Y7Y1TkFj77VF9aqpHhtrY25dTfAZM5mcXqL,"<a href=https://gmgn.ai/sol/address/83XcyTyB7Y7Y1TkFj77VF9aqpHhtrY25dTfAZM5mcXqL target=_blank"">ðŸ”Ž </a>",2,0,11,39,35,2,4,-4,4277,149686.0,4277,149686.0,[LUCE Fartcoin]
14,2JwhPJbeSKW59NxZhAqwH7ZyNJGid5sJVP3NSpu8VQks,"<a href=https://gmgn.ai/sol/address/2JwhPJbeSKW59NxZhAqwH7ZyNJGid5sJVP3NSpu8VQks target=_blank"">ðŸ”Ž </a>",0,20,60,15,5,2,3,60,20095,100475.0,9066,90655.0,[LESTER pippin]
11,6Yj63sAJVRuhPujWmjFgMV6mFBEDA8rhLoE7CoPChguF,"<a href=https://gmgn.ai/sol/address/6Yj63sAJVRuhPujWmjFgMV6mFBEDA8rhLoE7CoPChguF target=_blank"">ðŸ”Ž </a>",0,7,30,13,10,1,1,29,3696,36959.0,4445,57780.0,[47]
14,4xrTHsaCpoKZCqzP3KYrfy8qFAWsvgziSTYB5JrhuhvA,"<a href=https://gmgn.ai/sol/address/4xrTHsaCpoKZCqzP3KYrfy8qFAWsvgziSTYB5JrhuhvA target=_blank"">ðŸ”Ž </a>",0,27,44,48,36,4,4,29,17917,645025.0,17505,647674.0,[SHEGEN ZEREBRO suwi Fartcoin]
13,4bxG7FzfdmDY4mE4p4HWeDFJWACqeXp8eggca2xZ4kqM,"<a href=https://gmgn.ai/sol/address/4bxG7FzfdmDY4mE4p4HWeDFJWACqeXp8eggca2xZ4kqM target=_blank"">ðŸ”Ž </a>",0,0,25,4,4,1,1,65,6022,24088.0,6022,24088.0,[LST]
6,2btYi2pqVgtgzLqeAXE122FPhN2xBJMQpE1V9CMNv4EH,"<a href=https://gmgn.ai/sol/address/2btYi2pqVgtgzLqeAXE122FPhN2xBJMQpE1V9CMNv4EH target=_blank"">ðŸ”Ž </a>",12,11,19,242,210,2,28,-3,1171,245849.0,1154,244624.0,[LESTER $RIF]
6,2i2s9h8b6FxKiGADdFLpGrYBzBB8zt8nzUkq4Zd5nnyH,"<a href=https://gmgn.ai/sol/address/2i2s9h8b6FxKiGADdFLpGrYBzBB8zt8nzUkq4Zd5nnyH target=_blank"">ðŸ”Ž </a>",0,13,18,15,11,1,2,25,1545,17000.0,1407,21111.0,[$RIF]
17,A5jKYkpsNZ8ekU6xaMR1y17F8N9uT9zQmqy1y36uBT3n,"<a href=https://gmgn.ai/sol/address/A5jKYkpsNZ8ekU6xaMR1y17F8N9uT9zQmqy1y36uBT3n target=_blank"">ðŸ”Ž </a>",0,20,100,5,4,1,4,424,20278,81113.0,20278,81113.0,[ZEREBRO]
11,HWn4J8UsQvcSp4pz7MEM3nkNf52XGtRSAUd7k36PL4ki,"<a href=https://gmgn.ai/sol/address/HWn4J8UsQvcSp4pz7MEM3nkNf52XGtRSAUd7k36PL4ki target=_blank"">ðŸ”Ž </a>",0,17,29,52,41,2,3,11,3260,133655.0,3017,132736.0,[Pnut ðŸŸ¥ðŸŸ©]
14,63r6JYJ4TfVJWTyhovzGMWniELsUZ6ZEdERZw3UE9b11,"<a href=https://gmgn.ai/sol/address/63r6JYJ4TfVJWTyhovzGMWniELsUZ6ZEdERZw3UE9b11 target=_blank"">ðŸ”Ž </a>",0,0,50,6,6,2,2,71,37037,222219.0,37037,222219.0,[$WIF MOODENG]
11,D3MpswXW5eNnejeuYZZpBouT8oC35x9pTp2GawiwuiW2,"<a href=https://gmgn.ai/sol/address/D3MpswXW5eNnejeuYZZpBouT8oC35x9pTp2GawiwuiW2 target=_blank"">ðŸ”Ž </a>",0,5,39,38,33,3,4,8,4228,139526.0,4924,182199.0,[LUCE $RIF ZEREBRO]
14,25WURJ7igVFMW5ngSrapXrPUHZLxeXpYmGBeA7QbiWhv,"<a href=https://gmgn.ai/sol/address/25WURJ7igVFMW5ngSrapXrPUHZLxeXpYmGBeA7QbiWhv target=_blank"">ðŸ”Ž </a>",11,5,43,17,16,1,4,23,8149,130385.0,7659,130208.0,[BARSIK]
6,5su9sycBdiSRg1HFqKWV4gWVCZsJUj9R5PV9Wmpfu7Gs,"<a href=https://gmgn.ai/sol/address/5su9sycBdiSRg1HFqKWV4gWVCZsJUj9R5PV9Wmpfu7Gs target=_blank"">ðŸ”Ž </a>",0,4,30,21,20,1,1,-3,1913,38255.0,1913,38255.0,[LUCE]
14,3bpyLdKaNdwGvfhPsb3FVqyTai24fxhKay1dH7Y3pijQ,"<a href=https://gmgn.ai/sol/address/3bpyLdKaNdwGvfhPsb3FVqyTai24fxhKay1dH7Y3pijQ target=_blank"">ðŸ”Ž </a>",0,9,40,11,5,1,1,11,6290,31448.0,5212,31270.0,[Pnut]
6,Gz2gkcVukE37R89qAoCeuZHMYuNcSU9vn2KWwfUcq5Bb,"<a href=https://gmgn.ai/sol/address/Gz2gkcVukE37R89qAoCeuZHMYuNcSU9vn2KWwfUcq5Bb target=_blank"">ðŸ”Ž </a>",0,8,29,48,37,2,3,-3,2102,77759.0,1425,66978.0,[LUCE REX]
13,6TM9MCFQTMRQbbTt3sEw981FtXFDzmuuXgUu1gJQP36h,"<a href=https://gmgn.ai/sol/address/6TM9MCFQTMRQbbTt3sEw981FtXFDzmuuXgUu1gJQP36h target=_blank"">ðŸ”Ž </a>",0,0,12,9,8,2,1,-26,4009,32073.0,10720,171523.0,[MOODENG Banana]
17,8xu6vKBPDkuUJT2GnM1nmy6fvTzy542Zb4YJ3Schdocb,"<a href=https://gmgn.ai/sol/address/8xu6vKBPDkuUJT2GnM1nmy6fvTzy542Zb4YJ3Schdocb target=_blank"">ðŸ”Ž </a>",0,14,100,7,4,0,4,291,5961,23843.0,5961,23843.0,<nil>
11,2NsVTxDXNUvgUrKX8RrzF4fM3Rpcu8U2pU15GYb2GPk6,"<a href=https://gmgn.ai/sol/address/2NsVTxDXNUvgUrKX8RrzF4fM3Rpcu8U2pU15GYb2GPk6 target=_blank"">ðŸ”Ž </a>",8,0,33,12,12,1,3,46,4435,53220.0,4435,53220.0,[LUCE]
13,2NC2FVg2CoqHAYm8G1r8LE6LgvmPhXawYTkTYXbWraXr,"<a href=https://gmgn.ai/sol/address/2NC2FVg2CoqHAYm8G1r8LE6LgvmPhXawYTkTYXbWraXr target=_blank"">ðŸ”Ž </a>",6,0,26,30,30,2,7,164,24455,733662.0,22748,727949.0,[FRED Pnut]
13,BgbgkWwHQ2JXL84BMmo2CcnX5uJSarKXKTpdd73bcwNG,"<a href=https://gmgn.ai/sol/address/BgbgkWwHQ2JXL84BMmo2CcnX5uJSarKXKTpdd73bcwNG target=_blank"">ðŸ”Ž </a>",0,14,22,34,27,3,2,-13,3231,87238.0,7330,219889.0,[LUCE MANIFEST YOUSIM]
9,BxLUUnah9w59PUT3J1mgGrSQYkkh3Uh77Je9eLMijfDp,"<a href=https://gmgn.ai/sol/address/BxLUUnah9w59PUT3J1mgGrSQYkkh3Uh77Je9eLMijfDp target=_blank"">ðŸ”Ž </a>",7,17,38,39,31,1,9,50,2127,65922.0,2023,66745.0,[WORM]
9,2J7QaSaspsZtvRwXEtVoCgrBMZeREPFd7NNy5btdiGpx,"<a href=https://gmgn.ai/sol/address/2J7QaSaspsZtvRwXEtVoCgrBMZeREPFd7NNy5btdiGpx target=_blank"">ðŸ”Ž </a>",13,16,14,36,28,1,2,-11,2612,73131.0,2529,73339.0,[$RIF]
13,2eYQzezc99bdYHUVDU8EhQrK1YcmptBNqz1q8Xhuko4B,"<a href=https://gmgn.ai/sol/address/2eYQzezc99bdYHUVDU8EhQrK1YcmptBNqz1q8Xhuko4B target=_blank"">ðŸ”Ž </a>",0,0,33,10,9,2,2,107,20659,185934.0,18460,184596.0,[FRED Pnut]
9,B1CpqTLajXw8boJNEyA4G6959LXpuVxiJPabUUqp5c4N,"<a href=https://gmgn.ai/sol/address/B1CpqTLajXw8boJNEyA4G6959LXpuVxiJPabUUqp5c4N target=_blank"">ðŸ”Ž </a>",3,6,25,66,62,1,14,26,2244,139158.0,2531,161998.0,[LUCE]
13,24SbY3TCF1mLdvc4qUCpvM15ADHMjy2xvm7Kau9e6Zmo,"<a href=https://gmgn.ai/sol/address/24SbY3TCF1mLdvc4qUCpvM15ADHMjy2xvm7Kau9e6Zmo target=_blank"">ðŸ”Ž </a>",0,8,18,12,11,1,1,42,9139,100533.0,9139,100533.0,[MemesAI]
9,783buHuEFNdncWu5RgKjUiaGzCEh8xmz6UGf9zCk14FM,"<a href=https://gmgn.ai/sol/address/783buHuEFNdncWu5RgKjUiaGzCEh8xmz6UGf9zCk14FM target=_blank"">ðŸ”Ž </a>",15,15,18,13,11,1,1,-5,2470,27171.0,2470,27171.0,[$RIF]
9,D2frGtaSKMS4MFGCXzhUjdz5Q7UVaFue4dehk3afdjq1,"<a href=https://gmgn.ai/sol/address/D2frGtaSKMS4MFGCXzhUjdz5Q7UVaFue4dehk3afdjq1 target=_blank"">ðŸ”Ž </a>",0,6,23,49,43,4,3,-23,2836,121930.0,2721,125171.0,[GNON ZEREBRO Nailong Pnut]
13,CZ1sW1ZDxTNERY9pPTvbMy6oFyG6rd6qJoWvKSAoYp9p,"<a href=https://gmgn.ai/sol/address/CZ1sW1ZDxTNERY9pPTvbMy6oFyG6rd6qJoWvKSAoYp9p target=_blank"">ðŸ”Ž </a>",0,11,38,27,21,1,3,1,7417,155747.0,5286,169148.0,[Fartcoin]
14,ERrqD3HgtCkgBSczAZ92mrpSBdX6tzvhcmkBNeF6vRgk,"<a href=https://gmgn.ai/sol/address/ERrqD3HgtCkgBSczAZ92mrpSBdX6tzvhcmkBNeF6vRgk target=_blank"">ðŸ”Ž </a>",11,23,47,26,17,1,2,21,5024,85405.0,9879,197589.0,[ETH]
6,DuuuA2fWqq39zwu5Z6LSe13uUNup6DboxrrW4TioGSCx,"<a href=https://gmgn.ai/sol/address/DuuuA2fWqq39zwu5Z6LSe13uUNup6DboxrrW4TioGSCx target=_blank"">ðŸ”Ž </a>",12,1,13,81,66,1,6,-28,1333,87991.0,1268,86256.0,[$RIF]
6,Dosw8fTQBRdHc5zrLskf8LvTReEY8wmwKuCzGzidfcM8,"<a href=https://gmgn.ai/sol/address/Dosw8fTQBRdHc5zrLskf8LvTReEY8wmwKuCzGzidfcM8 target=_blank"">ðŸ”Ž </a>",0,5,24,34,29,1,3,-11,1328,38502.0,875,28881.0,[Fartcoin]
9,9M5QGgUbL2VWniwgN6jTHwLJSyktgz738QjmbSWMhQS4,"<a href=https://gmgn.ai/sol/address/9M5QGgUbL2VWniwgN6jTHwLJSyktgz738QjmbSWMhQS4 target=_blank"">ðŸ”Ž </a>",0,0,29,24,24,1,5,17,2171,52105.0,2171,52105.0,[]
14,WwaTx5UvxbcEdRGPjyZJC8N7DnYmpBGwZwB9sn1HXrL,"<a href=https://gmgn.ai/sol/address/WwaTx5UvxbcEdRGPjyZJC8N7DnYmpBGwZwB9sn1HXrL target=_blank"">ðŸ”Ž </a>",0,20,50,15,12,2,4,68,12738,152857.0,12738,152857.0,[$RIF vvaifu]
9,Abyyvednsbuhfqx3PUhkfWLDrcWLAMxEXy4FykcbMdyk,"<a href=https://gmgn.ai/sol/address/Abyyvednsbuhfqx3PUhkfWLDrcWLAMxEXy4FykcbMdyk target=_blank"">ðŸ”Ž </a>",4,0,19,22,21,1,2,-6,2003,42070.0,2003,42070.0,[LESTER]
13,FTEaWL8qH8yND3CiEruSAXNnrBKXfkcJG46QzbXNKZ3c,"<a href=https://gmgn.ai/sol/address/FTEaWL8qH8yND3CiEruSAXNnrBKXfkcJG46QzbXNKZ3c target=_blank"">ðŸ”Ž </a>",20,8,25,59,48,3,7,367,4714,226287.0,20276,1034090.0,[GOAT BUCK Pnut]
11,H1WYPGcd5fovVUGzSxnSTgqBXLoRh8A9xDZZg3JTzfFw,"<a href=https://gmgn.ai/sol/address/H1WYPGcd5fovVUGzSxnSTgqBXLoRh8A9xDZZg3JTzfFw target=_blank"">ðŸ”Ž </a>",0,24,23,41,30,1,6,46,3455,103646.0,3356,104049.0,[Fartcoin]
6,GJfukpJugtJSnzXD2ZhDTfonLdNk5f4VaNsZZsnMg7My,"<a href=https://gmgn.ai/sol/address/GJfukpJugtJSnzXD2ZhDTfonLdNk5f4VaNsZZsnMg7My target=_blank"">ðŸ”Ž </a>",0,4,35,42,34,1,7,19,1092,37138.0,1008,36294.0,[Ban]
11,7ba8unEoZR8rJtHhHP7h3mQJDsrZM7Gq79UDHQUBZp4P,"<a href=https://gmgn.ai/sol/address/7ba8unEoZR8rJtHhHP7h3mQJDsrZM7Gq79UDHQUBZp4P target=_blank"">ðŸ”Ž </a>",0,0,38,18,18,1,3,267,4560,82088.0,4560,82088.0,[Fartcoin]
13,J4z7N6knuc9WNFLtygwn7JfH4QGUx6zXy9pSSenZiKFr,"<a href=https://gmgn.ai/sol/address/J4z7N6knuc9WNFLtygwn7JfH4QGUx6zXy9pSSenZiKFr target=_blank"">ðŸ”Ž </a>",0,4,38,23,18,3,2,32,3373,60710.0,13508,337702.0,[GNON LUCE GOAT]
11,8qhLfdhxxmmL9ATEvNeCzLz7tKzg49U4SXqPkg6GK4nK,"<a href=https://gmgn.ai/sol/address/8qhLfdhxxmmL9ATEvNeCzLz7tKzg49U4SXqPkg6GK4nK target=_blank"">ðŸ”Ž </a>",0,8,33,56,45,2,5,118,2867,129011.0,13656,737406.0,[FWOG BONGO]
11,FVgAXkvMkp6omQJuS3Zc3mUL19Noneso4o7U59aSBqbY,"<a href=https://gmgn.ai/sol/address/FVgAXkvMkp6omQJuS3Zc3mUL19Noneso4o7U59aSBqbY target=_blank"">ðŸ”Ž </a>",8,16,22,25,18,1,3,44,3454,62172.0,3454,62172.0,[REX]
14,8m3Mjgz5oJCFaX27oedkKH7ocAs8okV3PhFcm4qhdLoc,"<a href=https://gmgn.ai/sol/address/8m3Mjgz5oJCFaX27oedkKH7ocAs8okV3PhFcm4qhdLoc target=_blank"">ðŸ”Ž </a>",0,0,40,5,5,1,0,-24,10057,50285.0,8182,49092.0,[ACT]
14,4QPSY1PojH2EcC6vPGHUw2kJ2TnzXhQCsrvMgpBpp7kj,"<a href=https://gmgn.ai/sol/address/4QPSY1PojH2EcC6vPGHUw2kJ2TnzXhQCsrvMgpBpp7kj target=_blank"">ðŸ”Ž </a>",0,12,50,8,6,3,3,28,74724,448341.0,60658,424605.0,[LUCE GOAT MOODENG]
9,3wuUJDz65atnCpasBJH7xqBbr2iX8ejWmV177umuN3H6,"<a href=https://gmgn.ai/sol/address/3wuUJDz65atnCpasBJH7xqBbr2iX8ejWmV177umuN3H6 target=_blank"">ðŸ”Ž </a>",0,6,26,81,72,5,13,50,2864,206226.0,3712,322941.0,[GOAT AVA MOODENG EARL Fartcoin]
13,2QY1bc1wzNGuXEcB44bKoaVCF6XEWSwqoYtynuhS7DLn,"<a href=https://gmgn.ai/sol/address/2QY1bc1wzNGuXEcB44bKoaVCF6XEWSwqoYtynuhS7DLn target=_blank"">ðŸ”Ž </a>",0,14,37,35,27,3,6,53,6962,187979.0,6170,203609.0,[Shoggoth GOAT WMM]
6,EmFh5NL5PTLkmnEjufFF4SUfix8hN3hYyezioxHXzghu,"<a href=https://gmgn.ai/sol/address/EmFh5NL5PTLkmnEjufFF4SUfix8hN3hYyezioxHXzghu target=_blank"">ðŸ”Ž </a>",2,16,23,68,55,1,9,20,1497,82322.0,1497,82322.0,[MATL]
12,xWEdcaQMge6XBGgDDgsJW4rJ7xpGNCG6VHm8gFyvaMu,"<a href=https://gmgn.ai/sol/address/xWEdcaQMge6XBGgDDgsJW4rJ7xpGNCG6VHm8gFyvaMu target=_blank"">ðŸ”Ž </a>",0,0,40,5,5,1,2,296,3539,17694.0,3539,17694.0,[Pnut]
6,E4XHXP77bdXGpFuRZjzbXFu8KChgnXDAejeyKXsGXCe,"<a href=https://gmgn.ai/sol/address/E4XHXP77bdXGpFuRZjzbXFu8KChgnXDAejeyKXsGXCe target=_blank"">ðŸ”Ž </a>",0,1,36,57,55,1,12,53,2278,125282.0,1858,118919.0,[HYPRâˆž]
9,Eu846MtRebT5mmhs1ApxJXpCGgSCvY5dqQwNdPbAtmWU,"<a href=https://gmgn.ai/sol/address/Eu846MtRebT5mmhs1ApxJXpCGgSCvY5dqQwNdPbAtmWU target=_blank"">ðŸ”Ž </a>",0,15,37,40,29,1,9,48,2627,76172.0,2062,74219.0,[]
13,2P7bwj6j2V3MSAxRiVhCm8rgPsNwq6vzQyJuUjmp71Ki,"<a href=https://gmgn.ai/sol/address/2P7bwj6j2V3MSAxRiVhCm8rgPsNwq6vzQyJuUjmp71Ki target=_blank"">ðŸ”Ž </a>",20,11,38,43,13,1,3,28,13794,179327.0,12891,180467.0,[REX]
14,CWaTfG6yzJPQRY5P53nQYHdHLjCJGxpC7EWo5wzGqs3n,"<a href=https://gmgn.ai/sol/address/CWaTfG6yzJPQRY5P53nQYHdHLjCJGxpC7EWo5wzGqs3n target=_blank"">ðŸ”Ž </a>",0,28,56,64,30,16,9,86,16881,506416.0,24615,1304596.0,[DEV LUCE CENTS GOAT wDOG $RIF FRED ACT MOODENG ZEREBRO Ban MEW r/snoofi Fartcoin SC PONKE]
11,DKMfniPkdMc5J3N6qD3UwH7sbxTsSCStQkyQAW856Ra7,"<a href=https://gmgn.ai/sol/address/DKMfniPkdMc5J3N6qD3UwH7sbxTsSCStQkyQAW856Ra7 target=_blank"">ðŸ”Ž </a>",0,0,33,9,9,1,3,17,3968,35710.0,3968,35710.0,[AVA]
13,BPBndEewN4L5dTniSv1v4M4crhBPmMNgTeH4DBm3VW2b,"<a href=https://gmgn.ai/sol/address/BPBndEewN4L5dTniSv1v4M4crhBPmMNgTeH4DBm3VW2b target=_blank"">ðŸ”Ž </a>",0,12,33,8,6,2,1,-20,6596,39573.0,12883,90178.0,[COK jam]
13,J1F3i9H5krrfHTiPjAKhdoAsXAioHLJS4SeeHkWp9vB3,"<a href=https://gmgn.ai/sol/address/J1F3i9H5krrfHTiPjAKhdoAsXAioHLJS4SeeHkWp9vB3 target=_blank"">ðŸ”Ž </a>",0,5,29,19,17,2,2,28,41575,706773.0,46327,833880.0,[mini Fartcoin]
13,BWR2YQ5V27MfkhJ2bhZdEafDDkvEZE62on5XjNh5DUTp,"<a href=https://gmgn.ai/sol/address/BWR2YQ5V27MfkhJ2bhZdEafDDkvEZE62on5XjNh5DUTp target=_blank"">ðŸ”Ž </a>",5,10,38,20,18,2,2,126,23367,420600.0,23367,420600.0,[$RIF scihub]
11,38JyRsDq7dh3EXNDMk4KG34TVsnAwF5pYRhnC6LdPr2E,"<a href=https://gmgn.ai/sol/address/38JyRsDq7dh3EXNDMk4KG34TVsnAwF5pYRhnC6LdPr2E target=_blank"">ðŸ”Ž </a>",0,2,13,40,37,4,5,-37,4398,162743.0,4267,166432.0,[AVB LUCE MOODENG Ban]
13,2AMmn3vjhVVwu2C5URwd6vHc9bAxfT5rCWYtERQaKiwo,"<a href=https://gmgn.ai/sol/address/2AMmn3vjhVVwu2C5URwd6vHc9bAxfT5rCWYtERQaKiwo target=_blank"">ðŸ”Ž </a>",2,0,11,34,34,3,2,0,6471,220009.0,6802,251679.0,[GOAT CENTS vvaifu]
13,BM8p5MKpGaFeAGEVhpEhRZWe8Lo1DWyF4eMsLTAmgst4,"<a href=https://gmgn.ai/sol/address/BM8p5MKpGaFeAGEVhpEhRZWe8Lo1DWyF4eMsLTAmgst4 target=_blank"">ðŸ”Ž </a>",0,4,30,25,20,2,6,14,3223,64457.0,5470,153161.0,[GOAT MOODENG]
12,FoGaNXdr4aEzWDN1j7N8tjc2n52czWVmmsaJh7JukYHR,"<a href=https://gmgn.ai/sol/address/FoGaNXdr4aEzWDN1j7N8tjc2n52czWVmmsaJh7JukYHR target=_blank"">ðŸ”Ž </a>",0,6,41,15,12,1,4,56,4514,54164.0,3460,51895.0,[LUCE]
13,Eca5xuGLQUmeEVxuauRhbpRT27Tdqq2A4LGmZhz1Jkkd,"<a href=https://gmgn.ai/sol/address/Eca5xuGLQUmeEVxuauRhbpRT27Tdqq2A4LGmZhz1Jkkd target=_blank"">ðŸ”Ž </a>",6,13,36,15,11,3,1,18,17142,188559.0,17998,251966.0,[GOAT MemesAI MOTHER]
11,B8ddo2YQigge4Utptq22NLh5hS1BRFnK2PzfrbiGaviA,"<a href=https://gmgn.ai/sol/address/B8ddo2YQigge4Utptq22NLh5hS1BRFnK2PzfrbiGaviA target=_blank"">ðŸ”Ž </a>",30,5,29,20,17,2,2,73,2905,49386.0,49803,996051.0,[$RIF $michi]
14,CEBxYsY5wGXyMfPmh18CjPHXuwP96EYEhtf86neky8Jc,"<a href=https://gmgn.ai/sol/address/CEBxYsY5wGXyMfPmh18CjPHXuwP96EYEhtf86neky8Jc target=_blank"">ðŸ”Ž </a>",2,0,42,39,38,2,6,104,11511,437400.0,13443,524289.0,[GOAT $RIF]
9,4LKsQC8TAnMt223hk8jKc42wZdSeoUQAwAQFzPrBosgb,"<a href=https://gmgn.ai/sol/address/4LKsQC8TAnMt223hk8jKc42wZdSeoUQAwAQFzPrBosgb target=_blank"">ðŸ”Ž </a>",6,13,29,144,109,3,12,2,2813,306568.0,3006,348750.0,[LUCE ai16z MOODENG]
13,89bLmpFsgzZwJKruBpAY33sBqAiUDjm3uVk9MdsxPKDd,"<a href=https://gmgn.ai/sol/address/89bLmpFsgzZwJKruBpAY33sBqAiUDjm3uVk9MdsxPKDd target=_blank"">ðŸ”Ž </a>",0,0,27,11,11,1,1,49,6933,76263.0,6933,76263.0,[LESTER]
9,GFV44Afif8kGYMWCQgN6n1aEkKYyQcxxArUf67YbboN3,"<a href=https://gmgn.ai/sol/address/GFV44Afif8kGYMWCQgN6n1aEkKYyQcxxArUf67YbboN3 target=_blank"">ðŸ”Ž </a>",0,9,21,22,19,1,2,12,2153,40912.0,2153,40912.0,[Cheyenne]
14,BreCNBNqMvFsnN4Qkh7Fved6C7q5FeKgG8kT981F3q1C,"<a href=https://gmgn.ai/sol/address/BreCNBNqMvFsnN4Qkh7Fved6C7q5FeKgG8kT981F3q1C target=_blank"">ðŸ”Ž </a>",0,0,62,8,8,2,2,163,56991,455929.0,56991,455929.0,[ACT BUU]
9,B4dmPsP37CALmHaPGjqLZjWVk8Mve7HhK8cZ2uyhLWmP,"<a href=https://gmgn.ai/sol/address/B4dmPsP37CALmHaPGjqLZjWVk8Mve7HhK8cZ2uyhLWmP target=_blank"">ðŸ”Ž </a>",32,8,29,141,74,2,15,17,2332,172591.0,2118,169430.0,[$URO $RIF]
11,Ffo4yXLemDduV2b2RMG9zHUiMgwiKK9LutBSU1oFJVpY,"<a href=https://gmgn.ai/sol/address/Ffo4yXLemDduV2b2RMG9zHUiMgwiKK9LutBSU1oFJVpY target=_blank"">ðŸ”Ž </a>",7,3,27,27,22,1,4,31,3938,86635.0,3764,86562.0,[BOSSU]
11,5Q57izNSTzVaN8JCY1ajgE34KCzgUQrS8fR8XTiKaBWu,"<a href=https://gmgn.ai/sol/address/5Q57izNSTzVaN8JCY1ajgE34KCzgUQrS8fR8XTiKaBWu target=_blank"">ðŸ”Ž </a>",3,11,26,26,19,1,1,-7,2821,53604.0,8681,182302.0,[GOAT]
13,5dZUzN9hjP5gNJhLH5NzoW14xJuCFYVds1MPXigk1QNt,"<a href=https://gmgn.ai/sol/address/5dZUzN9hjP5gNJhLH5NzoW14xJuCFYVds1MPXigk1QNt target=_blank"">ðŸ”Ž </a>",4,26,35,46,34,3,7,28,14633,497537.0,14633,497537.0,[LUCE $RIF Ban]
13,2t3vqPnQYo9Mqzcc6k5t4nZGDNcZ4o3Ly2gNMZyPCfy7,"<a href=https://gmgn.ai/sol/address/2t3vqPnQYo9Mqzcc6k5t4nZGDNcZ4o3Ly2gNMZyPCfy7 target=_blank"">ðŸ”Ž </a>",0,14,33,7,6,1,1,-15,12051,72304.0,12051,72304.0,[Pnut]
13,GTtCZLbWUe1efXYEfnreoPpHgRskezgzJUz8qdPmvsKa,"<a href=https://gmgn.ai/sol/address/GTtCZLbWUe1efXYEfnreoPpHgRskezgzJUz8qdPmvsKa target=_blank"">ðŸ”Ž </a>",4,0,13,22,22,1,2,-26,6983,153620.0,6633,152562.0,[Ban]
13,BCquKNKmZ2uhngRFLdiS5px9XEdjiQCmQXD8M6Cd4xWP,"<a href=https://gmgn.ai/sol/address/BCquKNKmZ2uhngRFLdiS5px9XEdjiQCmQXD8M6Cd4xWP target=_blank"">ðŸ”Ž </a>",0,15,23,20,17,2,3,352,14575,247773.0,14575,247773.0,[$RIF $URO]
13,CqPNRv7sVRTBCGFm2xV16AHQiwQQbAkGMxfQobufk9E4,"<a href=https://gmgn.ai/sol/address/CqPNRv7sVRTBCGFm2xV16AHQiwQQbAkGMxfQobufk9E4 target=_blank"">ðŸ”Ž </a>",5,21,31,169,127,12,26,14,9601,1219288.0,10067,1338859.0,[Shoggoth LUCE GOAT dontdie $RIF flavia E=MCÂ² Ban Pnut scihub ðŸŸ¥ðŸŸ© BIO/ACC]
9,AExnw6jJV8mxReFtxWogW33Wjki7hvAgThLmn8yoddM2,"<a href=https://gmgn.ai/sol/address/AExnw6jJV8mxReFtxWogW33Wjki7hvAgThLmn8yoddM2 target=_blank"">ðŸ”Ž </a>",0,12,19,31,26,1,2,3,2754,71594.0,2754,71594.0,[FRED]
13,23EKRHug33RQeVDrHzHLU9EWPWK5Ch7M7yygGsqWrBMm,"<a href=https://gmgn.ai/sol/address/23EKRHug33RQeVDrHzHLU9EWPWK5Ch7M7yygGsqWrBMm target=_blank"">ðŸ”Ž </a>",5,27,28,58,42,3,7,59,8217,345134.0,8217,345134.0,[kzl BITCAT MATL]
12,F9QNwp1pQV8KLV1KNuH4o4AXzvNtgi38FnCosiSc2Ebg,"<a href=https://gmgn.ai/sol/address/F9QNwp1pQV8KLV1KNuH4o4AXzvNtgi38FnCosiSc2Ebg target=_blank"">ðŸ”Ž </a>",0,9,46,21,15,1,6,204,2847,42705.0,7333,146654.0,[SIGMA]
14,BjMcxtNDjkbLi9F52DANggjAX1QiVc6pTX7pPpvVdoWU,"<a href=https://gmgn.ai/sol/address/BjMcxtNDjkbLi9F52DANggjAX1QiVc6pTX7pPpvVdoWU target=_blank"">ðŸ”Ž </a>",0,0,50,8,8,3,3,405,216110,1728877.0,216110,1728877.0,[MOODENG PESTO ZEREBRO]
11,6KVyzB7Sxx2Rnk7J8ZEhBZPbKyiRq3tPY9YNhtCjcems,"<a href=https://gmgn.ai/sol/address/6KVyzB7Sxx2Rnk7J8ZEhBZPbKyiRq3tPY9YNhtCjcems target=_blank"">ðŸ”Ž </a>",11,16,17,118,88,4,9,18,3255,286429.0,3103,282416.0,[SIMON Pnut Banana CHILLGUY]
11,FmhDonUB11n5WyRCDEpxnNJhXDVw1JX1XJSD72ssQFhB,"<a href=https://gmgn.ai/sol/address/FmhDonUB11n5WyRCDEpxnNJhXDVw1JX1XJSD72ssQFhB target=_blank"">ðŸ”Ž </a>",8,0,36,59,58,3,16,55,4027,233578.0,3505,206822.0,[AVA BITCAT ZOA]
13,Eu9sCq4czoMULUtBWoMLuL3huFAM5dprSUmzsQUTS6Sp,"<a href=https://gmgn.ai/sol/address/Eu9sCq4czoMULUtBWoMLuL3huFAM5dprSUmzsQUTS6Sp target=_blank"">ðŸ”Ž </a>",7,25,31,27,19,1,3,4,5791,110022.0,5791,110022.0,[BITCAT]
6,EJPKxue4Xc6HZwsi4ASCuwQDBq1VB7Urh1XRtaFyBMAg,"<a href=https://gmgn.ai/sol/address/EJPKxue4Xc6HZwsi4ASCuwQDBq1VB7Urh1XRtaFyBMAg target=_blank"">ðŸ”Ž </a>",0,14,27,14,11,1,3,45,2446,26908.0,1644,21376.0,[@DOGE]
6,5dMrddaDMcrHJVG6CXWqi8Vq9RtH2xEXbpgd1YJc7pTn,"<a href=https://gmgn.ai/sol/address/5dMrddaDMcrHJVG6CXWqi8Vq9RtH2xEXbpgd1YJc7pTn target=_blank"">ðŸ”Ž </a>",0,2,28,34,28,1,3,16,2598,72755.0,1858,65031.0,[CHAOS]
11,4Q7YcQFRzDxxyyow4WjCXugqt6DSViKXowZoMw4ZVhuH,"<a href=https://gmgn.ai/sol/address/4Q7YcQFRzDxxyyow4WjCXugqt6DSViKXowZoMw4ZVhuH target=_blank"">ðŸ”Ž </a>",25,19,20,192,153,3,21,118,4102,627644.0,4102,627644.0,[Ropirito BUCK DOGECAST]
9,FRT1fsCqDjCDAjtambYBSbjjcdxasDptgKTSWsyApZVt,"<a href=https://gmgn.ai/sol/address/FRT1fsCqDjCDAjtambYBSbjjcdxasDptgKTSWsyApZVt target=_blank"">ðŸ”Ž </a>",0,0,22,22,22,1,0,-24,2089,45961.0,2089,45961.0,[scihub]
11,8zmNqF9LEYzTivu3UWrwD5RNn99mzW2FeraEUAJTyoWf,"<a href=https://gmgn.ai/sol/address/8zmNqF9LEYzTivu3UWrwD5RNn99mzW2FeraEUAJTyoWf target=_blank"">ðŸ”Ž </a>",0,3,20,28,20,2,2,5,5100,101995.0,2470,51873.0,[FRED Pnut]
14,DYyzgwDGaN23gdr2C1xp35xojiDss9pUcYiY7wXqqknB,"<a href=https://gmgn.ai/sol/address/DYyzgwDGaN23gdr2C1xp35xojiDss9pUcYiY7wXqqknB target=_blank"">ðŸ”Ž </a>",0,14,50,7,6,1,2,128,6384,38301.0,6384,38301.0,[LESTER]
13,EqGxUABycgf232LYFPViGnF7H6XJwqYY3JiXTBvkfLrq,"<a href=https://gmgn.ai/sol/address/EqGxUABycgf232LYFPViGnF7H6XJwqYY3JiXTBvkfLrq target=_blank"">ðŸ”Ž </a>",2,8,15,35,32,1,4,123,7290,233277.0,7290,233277.0,[$RIF]
11,GQEi2a8yGGdmw5eHTdLbC5kzBbqopZHQu5ca58AsZ4Rd,"<a href=https://gmgn.ai/sol/address/GQEi2a8yGGdmw5eHTdLbC5kzBbqopZHQu5ca58AsZ4Rd target=_blank"">ðŸ”Ž </a>",0,6,20,16,15,1,2,7,3442,51631.0,3442,51631.0,[ðŸŸ¥ðŸŸ©]
13,C6Drpz3oe6ro6BSafMQJGt32LRrxDeDDdQQBZ2yhfwYi,"<a href=https://gmgn.ai/sol/address/C6Drpz3oe6ro6BSafMQJGt32LRrxDeDDdQQBZ2yhfwYi target=_blank"">ðŸ”Ž </a>",0,0,36,11,11,2,2,9,9506,104564.0,9506,104564.0,[Ban ðŸ¦…]
13,8zMdhSMtycyeTkTWA1ECuZgGBi8fNKZEgpVR2zAc7J15,"<a href=https://gmgn.ai/sol/address/8zMdhSMtycyeTkTWA1ECuZgGBi8fNKZEgpVR2zAc7J15 target=_blank"">ðŸ”Ž </a>",21,11,26,101,89,9,13,13,6003,534234.0,6003,534234.0,[Cupsey ANTI $RIF OBOT PRO BITCAT @DOGE Pnut SOLARIS]
11,12qSkd8fv9uvwWiDKmkDVMqfV59bMHKZE7iBAfDUbWKd,"<a href=https://gmgn.ai/sol/address/12qSkd8fv9uvwWiDKmkDVMqfV59bMHKZE7iBAfDUbWKd target=_blank"">ðŸ”Ž </a>",0,16,30,12,10,1,2,52,5294,52935.0,4757,52330.0,[Pnut]
9,7BErGx2aX25Rap6oPYbD17oa9rDi25ySqtjibKCBLLUw,"<a href=https://gmgn.ai/sol/address/7BErGx2aX25Rap6oPYbD17oa9rDi25ySqtjibKCBLLUw target=_blank"">ðŸ”Ž </a>",0,10,28,47,35,1,7,35,2153,75341.0,2001,76024.0,[Shoggoth]
13,2WJvjGFjZePB3sYrHKMBQd46o1TCS8zxchEHnDK7oBxQ,"<a href=https://gmgn.ai/sol/address/2WJvjGFjZePB3sYrHKMBQd46o1TCS8zxchEHnDK7oBxQ target=_blank"">ðŸ”Ž </a>",2,8,24,75,69,4,10,26,6657,459359.0,6657,459359.0,[Cupsey ðŸ¦… BUCK scihub]
5,92iYee4tHCanKiiCpFk3rvA89k466NjgVKojZkpJdcvj,"<a href=https://gmgn.ai/sol/address/92iYee4tHCanKiiCpFk3rvA89k466NjgVKojZkpJdcvj target=_blank"">ðŸ”Ž </a>",0,0,25,16,16,1,1,-7,1719,27500.0,-2270,-40865.0,[Tate]
13,tduxG3xnyEBY7qt8k5ny8yNH1qWdcQiYTQjkieApnMX,"<a href=https://gmgn.ai/sol/address/tduxG3xnyEBY7qt8k5ny8yNH1qWdcQiYTQjkieApnMX target=_blank"">ðŸ”Ž </a>",0,0,23,17,17,1,3,11,6205,105488.0,6205,105488.0,[TITS]
13,EtMUbaPw7rTJj2M6WrsEfhGAN9gSTLPJtQ21oLk1kfhP,"<a href=https://gmgn.ai/sol/address/EtMUbaPw7rTJj2M6WrsEfhGAN9gSTLPJtQ21oLk1kfhP target=_blank"">ðŸ”Ž </a>",4,24,22,41,31,1,3,6,5072,157224.0,5072,157224.0,[BARSIK]
11,4Fa1ZhVHk9CKBiUUXUhFdr4PXy6XLpYk5co5nYKvqsN4,"<a href=https://gmgn.ai/sol/address/4Fa1ZhVHk9CKBiUUXUhFdr4PXy6XLpYk5co5nYKvqsN4 target=_blank"">ðŸ”Ž </a>",0,8,18,50,43,2,4,-6,1638,70420.0,6901,317423.0,[MOODENG ðŸŸ¥ðŸŸ©]
17,C2Mx5pVPUexpeYTWvSCiN9uiL7RyiBXRzGXns6duX9gG,"<a href=https://gmgn.ai/sol/address/C2Mx5pVPUexpeYTWvSCiN9uiL7RyiBXRzGXns6duX9gG target=_blank"">ðŸ”Ž </a>",0,20,75,5,4,0,0,17,47944,191777.0,47944,191777.0,<nil>
13,J4JDNiKT3yu2zqDmxcLZQbxBefwd5nSP3Qhz4yEzA4uj,"<a href=https://gmgn.ai/sol/address/J4JDNiKT3yu2zqDmxcLZQbxBefwd5nSP3Qhz4yEzA4uj target=_blank"">ðŸ”Ž </a>",11,1,32,61,56,4,15,72,9794,548483.0,8971,547220.0,[pippin AVB vvaifu MATL]
9,59ecCTpb7yqC5qRe3hiZVRokJtUs3vXzLJGb13eeFSNE,"<a href=https://gmgn.ai/sol/address/59ecCTpb7yqC5qRe3hiZVRokJtUs3vXzLJGb13eeFSNE target=_blank"">ðŸ”Ž </a>",0,0,25,19,16,1,0,-10,1712,27393.0,3809,72365.0,[FRED]
13,UMwb9RNCUM1uo3nbkpMyvdSnNjQW7sji9rdkyL4enLZ,"<a href=https://gmgn.ai/sol/address/UMwb9RNCUM1uo3nbkpMyvdSnNjQW7sji9rdkyL4enLZ target=_blank"">ðŸ”Ž </a>",4,10,39,48,41,4,9,65,6816,279454.0,6502,286109.0,[LUCE $RIF $URO ZEREBRO]
13,DRai3W6pw7G7efwamvu4RZqjm8ztGuGfHLm5x5sQiVMA,"<a href=https://gmgn.ai/sol/address/DRai3W6pw7G7efwamvu4RZqjm8ztGuGfHLm5x5sQiVMA target=_blank"">ðŸ”Ž </a>",0,15,28,64,49,2,7,75,3828,187578.0,7160,386639.0,[GOAT Pnut]
13,GH9p8myScoHc8vbjtrBNWMqX52Tgu3TZTqppMcYqH9vr,"<a href=https://gmgn.ai/sol/address/GH9p8myScoHc8vbjtrBNWMqX52Tgu3TZTqppMcYqH9vr target=_blank"">ðŸ”Ž </a>",0,0,14,9,7,1,0,-8,18091,126636.0,15700,125601.0,[Peanut]
17,G3oHdxxq28xEvcNDK2aiFu7FdGrszUrHdu4fTsP1qPQJ,"<a href=https://gmgn.ai/sol/address/G3oHdxxq28xEvcNDK2aiFu7FdGrszUrHdu4fTsP1qPQJ target=_blank"">ðŸ”Ž </a>",12,12,71,8,7,1,2,46,7816,54710.0,7816,54710.0,[ABC]
14,C4V93PxfXsuXUqnCFBii6T5FriLukTgvVS6Qh32ALXRk,"<a href=https://gmgn.ai/sol/address/C4V93PxfXsuXUqnCFBii6T5FriLukTgvVS6Qh32ALXRk target=_blank"">ðŸ”Ž </a>",8,25,50,12,8,1,2,24,7660,61277.0,7660,61277.0,[GRASS]
14,3HvPPUk54KPiKNFiEyqiAwgacwjZ5SWFXSs2Wtr81Thu,"<a href=https://gmgn.ai/sol/address/3HvPPUk54KPiKNFiEyqiAwgacwjZ5SWFXSs2Wtr81Thu target=_blank"">ðŸ”Ž </a>",0,0,50,6,4,1,1,266,87842,351369.0,59015,354092.0,[ACT]
13,3UnnDqLyiUWqUCu7Mgk75MdSHsjmwkdsDj74dD3jbS3J,"<a href=https://gmgn.ai/sol/address/3UnnDqLyiUWqUCu7Mgk75MdSHsjmwkdsDj74dD3jbS3J target=_blank"">ðŸ”Ž </a>",0,0,33,12,12,1,1,0,16561,198735.0,16561,198735.0,[Ban]
6,ESEGHcZCEJPGTZEemsuJAin3fbd9Q8Wy81tveLVSDwAY,"<a href=https://gmgn.ai/sol/address/ESEGHcZCEJPGTZEemsuJAin3fbd9Q8Wy81tveLVSDwAY target=_blank"">ðŸ”Ž </a>",0,7,28,27,25,1,3,9,1361,34032.0,1361,34032.0,[PUNK3493]
11,6rVqCJgoQzzZC5XTANEDHPJrZC729psbtxFVfDPQ2b5h,"<a href=https://gmgn.ai/sol/address/6rVqCJgoQzzZC5XTANEDHPJrZC729psbtxFVfDPQ2b5h target=_blank"">ðŸ”Ž </a>",0,6,21,31,28,1,3,19,3600,100809.0,3463,107356.0,[FWOG]
9,FVidr2uijoziEda4TDKico1fTMhzAtDK7wAXPpq4PDsd,"<a href=https://gmgn.ai/sol/address/FVidr2uijoziEda4TDKico1fTMhzAtDK7wAXPpq4PDsd target=_blank"">ðŸ”Ž </a>",14,7,23,14,13,1,1,4,2679,34826.0,2679,34826.0,[MAYA]
6,7mMThGi3Qq8n2CV4c5Vb35SeWxfbmKbbqyCzrZr72epM,"<a href=https://gmgn.ai/sol/address/7mMThGi3Qq8n2CV4c5Vb35SeWxfbmKbbqyCzrZr72epM target=_blank"">ðŸ”Ž </a>",3,3,16,33,30,1,2,-10,1302,39066.0,1302,39066.0,[MAYA]
13,FEbTnAq7KLP45SuD3AiUXQ3QfQK9Nb2tprhLskPRePsE,"<a href=https://gmgn.ai/sol/address/FEbTnAq7KLP45SuD3AiUXQ3QfQK9Nb2tprhLskPRePsE target=_blank"">ðŸ”Ž </a>",0,0,20,5,5,1,1,-28,7469,37347.0,7469,37347.0,[CHAOS]
13,Ejcbjxde8cfG2Rj9F2SfizCBTEU6tKAFSCfbvGfpaMMi,"<a href=https://gmgn.ai/sol/address/Ejcbjxde8cfG2Rj9F2SfizCBTEU6tKAFSCfbvGfpaMMi target=_blank"">ðŸ”Ž </a>",12,0,18,16,16,2,3,33,6511,104183.0,6511,104183.0,[LESTER eliza]
6,5vPg6hkKoQWsbuXHf3udnPgmdKiaQW5HFgvPqu6bn8YS,"<a href=https://gmgn.ai/sol/address/5vPg6hkKoQWsbuXHf3udnPgmdKiaQW5HFgvPqu6bn8YS target=_blank"">ðŸ”Ž </a>",0,4,20,42,40,1,6,18,1709,68344.0,1709,68344.0,[FRED]
13,C8u9wTYpsJRfzbHJHQ9Yb8xAmfo4yc25KYjRGSf8KNuK,"<a href=https://gmgn.ai/sol/address/C8u9wTYpsJRfzbHJHQ9Yb8xAmfo4yc25KYjRGSf8KNuK target=_blank"">ðŸ”Ž </a>",33,24,24,33,25,1,4,172,8697,217416.0,8697,217416.0,[ðŸŸ¥ðŸŸ©]
11,EYunYiaRmSZ8d6cpfZmuqxTpor1tNAFFaQpXNync5kau,"<a href=https://gmgn.ai/sol/address/EYunYiaRmSZ8d6cpfZmuqxTpor1tNAFFaQpXNync5kau target=_blank"">ðŸ”Ž </a>",0,9,12,11,8,1,1,115,5093,40741.0,2924,32160.0,[ACT]
13,H4AAG9XcXaJDA2YGKCbrsE9bcEsTRV8vkAve9su68vAZ,"<a href=https://gmgn.ai/sol/address/H4AAG9XcXaJDA2YGKCbrsE9bcEsTRV8vkAve9su68vAZ target=_blank"">ðŸ”Ž </a>",0,8,26,25,23,1,5,85,8697,200038.0,8697,200038.0,[ZEREBRO]
6,8VsSMNYxwBQgspSbQ71w7eJfMSzALzdKKvgL3ozfntNs,"<a href=https://gmgn.ai/sol/address/8VsSMNYxwBQgspSbQ71w7eJfMSzALzdKKvgL3ozfntNs target=_blank"">ðŸ”Ž </a>",10,7,28,85,78,1,8,-17,1686,131505.0,1686,131505.0,[ðŸŸ¥ðŸŸ©]
9,GzfMxWykE5kX5q8b6jqZGwz7JyfTpuEGPH4mBxc4Y4vR,"<a href=https://gmgn.ai/sol/address/GzfMxWykE5kX5q8b6jqZGwz7JyfTpuEGPH4mBxc4Y4vR target=_blank"">ðŸ”Ž </a>",12,25,23,175,113,2,19,9,2983,337060.0,2983,337060.0,[$RIF AVA]
9,2b9vBF8qw85aXA4XVEQqqQEit1jSkmKDW1Zj2Km8jHRd,"<a href=https://gmgn.ai/sol/address/2b9vBF8qw85aXA4XVEQqqQEit1jSkmKDW1Zj2Km8jHRd target=_blank"">ðŸ”Ž </a>",0,15,28,53,39,2,7,17,2602,101461.0,2282,109549.0,[pippin eliza]
13,4UytsR8zLkuhKt6YnEUVcg6WgPRPubpRENsqPtkdRw8x,"<a href=https://gmgn.ai/sol/address/4UytsR8zLkuhKt6YnEUVcg6WgPRPubpRENsqPtkdRw8x target=_blank"">ðŸ”Ž </a>",0,0,33,6,6,2,2,433,6763,40578.0,6763,40578.0,[ai16z BUCK]
13,DczCsBVgQpqog3m2fDRpxZEm1xECZqmzNBDCHDExNRpo,"<a href=https://gmgn.ai/sol/address/DczCsBVgQpqog3m2fDRpxZEm1xECZqmzNBDCHDExNRpo target=_blank"">ðŸ”Ž </a>",0,0,30,10,10,1,2,73,10848,108484.0,10848,108484.0,[Fartcoin]
14,5tAwRgP4zpLJTtDdkt6KGiMgG5QJEXAvKdk15KHzPFH6,"<a href=https://gmgn.ai/sol/address/5tAwRgP4zpLJTtDdkt6KGiMgG5QJEXAvKdk15KHzPFH6 target=_blank"">ðŸ”Ž </a>",0,16,44,12,9,1,0,0,9988,89896.0,9988,89896.0,[LUCE]
5,3iFMWYQgBUeqi4wFSF78KhyTqPxyM7kbxcM2LbWzDt5Z,"<a href=https://gmgn.ai/sol/address/3iFMWYQgBUeqi4wFSF78KhyTqPxyM7kbxcM2LbWzDt5Z target=_blank"">ðŸ”Ž </a>",4,9,21,122,106,4,17,-2,1497,158672.0,-1855,-209577.0,[$RIF AVA BUCK HAPPY]
10,5tpHdbHGvvQ14y6v9jfNJByvyrKRx9VT77kSDcZZ1et9,"<a href=https://gmgn.ai/sol/address/5tpHdbHGvvQ14y6v9jfNJByvyrKRx9VT77kSDcZZ1et9 target=_blank"">ðŸ”Ž </a>",0,23,40,59,45,1,4,20,2241,100850.0,2241,100850.0,[DOGE]
9,2GSQwGNuUpixDrhY8JLxBuUdhQ7fTNgSCm7qJ1D74cxW,"<a href=https://gmgn.ai/sol/address/2GSQwGNuUpixDrhY8JLxBuUdhQ7fTNgSCm7qJ1D74cxW target=_blank"">ðŸ”Ž </a>",6,0,15,31,26,1,4,37,2086,54225.0,2150,58063.0,[Bert]
13,AVAZvHLR2PcWpDf8BXY4rVxNHYRBytycHkcB5z5QNXYm,"<a href=https://gmgn.ai/sol/address/AVAZvHLR2PcWpDf8BXY4rVxNHYRBytycHkcB5z5QNXYm target=_blank"">ðŸ”Ž </a>",0,5,22,197,179,7,14,5,5880,1052605.0,13545,2708906.0,[SHEGEN eliza $RIF MemesAI ZEREBRO Cwe5k2iEy8dt7vCGY93GBrqQS4FWyac6pQjvjLcPD6qp Fartcoin]
13,9H7nQxF1vmrr9fjcE55Y9RoTb1uhKtE7934y8Ww8oijr,"<a href=https://gmgn.ai/sol/address/9H7nQxF1vmrr9fjcE55Y9RoTb1uhKtE7934y8Ww8oijr target=_blank"">ðŸ”Ž </a>",10,6,19,216,182,4,19,-2,5807,1056857.0,5436,1114446.0,[PESTO koto Pnut Fartcoin]
9,2rjVe8vtZuz7RSGsedZjxWnYTfCQkXQDWjUNTeU2ra8b,"<a href=https://gmgn.ai/sol/address/2rjVe8vtZuz7RSGsedZjxWnYTfCQkXQDWjUNTeU2ra8b target=_blank"">ðŸ”Ž </a>",5,0,31,20,19,1,2,0,1233,23429.0,3506,73623.0,[BONGO]
14,3Lv6Z8g7pdZSV4cjnJshp2HQUMAFnE3dBPZXi5L9fFUv,"<a href=https://gmgn.ai/sol/address/3Lv6Z8g7pdZSV4cjnJshp2HQUMAFnE3dBPZXi5L9fFUv target=_blank"">ðŸ”Ž </a>",0,11,62,9,8,2,2,55,14774,118192.0,15547,171016.0,[Shoggoth vvaifu]
13,ARnKHatt89qdzRYV86v6z73PntkRxaPuv2RHhDZ68HfV,"<a href=https://gmgn.ai/sol/address/ARnKHatt89qdzRYV86v6z73PntkRxaPuv2RHhDZ68HfV target=_blank"">ðŸ”Ž </a>",0,30,24,36,25,3,2,-2,14737,368421.0,14737,368421.0,[LESTER $RIF ðŸ¦…]
15,oMtU1mjxJhgrk1njAcUBozsRcHRZETzMxVrUKNFvFDf,"<a href=https://gmgn.ai/sol/address/oMtU1mjxJhgrk1njAcUBozsRcHRZETzMxVrUKNFvFDf target=_blank"">ðŸ”Ž </a>",10,10,77,10,9,0,1,30,3083,27743.0,3083,27743.0,<nil>
11,3RGTg6H2idSMvXV6BZeU5W3xfxAcczMV6vsaqXkAybcN,"<a href=https://gmgn.ai/sol/address/3RGTg6H2idSMvXV6BZeU5W3xfxAcczMV6vsaqXkAybcN target=_blank"">ðŸ”Ž </a>",2,4,22,50,48,3,7,30,4622,221832.0,4622,221832.0,[Cheyenne BARSIK ðŸŸ¥ðŸŸ©]
9,DXCfGF55h2wJUpGdS13Wh7NBokyPwuyt5zjokvpM5n29,"<a href=https://gmgn.ai/sol/address/DXCfGF55h2wJUpGdS13Wh7NBokyPwuyt5zjokvpM5n29 target=_blank"">ðŸ”Ž </a>",12,19,13,47,37,1,4,3,2135,78997.0,2135,78997.0,[BARSIK]
11,EdSR7eupT7FTMo2qHAWC31qgLYtuLEu7oQzqRf2TBst,"<a href=https://gmgn.ai/sol/address/EdSR7eupT7FTMo2qHAWC31qgLYtuLEu7oQzqRf2TBst target=_blank"">ðŸ”Ž </a>",0,5,17,18,17,1,2,23,6122,104066.0,4879,92693.0,[Shoggoth]
9,Go3fTCdm481k8ViaPYN6Y5jVN8Lfg1vRrUJF3ZM9D16b,"<a href=https://gmgn.ai/sol/address/Go3fTCdm481k8ViaPYN6Y5jVN8Lfg1vRrUJF3ZM9D16b target=_blank"">ðŸ”Ž </a>",21,21,20,88,68,3,11,250,2407,163691.0,4869,394354.0,[choccy WMM MemesAI]
13,C1zXrbKfhqoj8T1d7knavTM9aHaUwpNZod6hqSVZoYgQ,"<a href=https://gmgn.ai/sol/address/C1zXrbKfhqoj8T1d7knavTM9aHaUwpNZod6hqSVZoYgQ target=_blank"">ðŸ”Ž </a>",5,0,12,17,16,1,1,-19,11620,185917.0,11620,185917.0,[Ban]
9,7jNj82KrWjk3zhcQuWdKKS8izS4XVGdser6CJ9VQSvYJ,"<a href=https://gmgn.ai/sol/address/7jNj82KrWjk3zhcQuWdKKS8izS4XVGdser6CJ9VQSvYJ target=_blank"">ðŸ”Ž </a>",2,23,23,124,93,4,10,12,1858,172798.0,2304,248861.0,[LESTER Cheyenne ðŸŸ¥ðŸŸ© soliloquy]
14,5aTAP2Akq4WEyLUy7ogyFdtk3mHaEEJF9mKPcDE2hS6X,"<a href=https://gmgn.ai/sol/address/5aTAP2Akq4WEyLUy7ogyFdtk3mHaEEJF9mKPcDE2hS6X target=_blank"">ðŸ”Ž </a>",0,0,54,11,11,3,3,47,74308,817385.0,74308,817385.0,[FRED Pnut scihub]
9,6GytUdKgKJbemWs65p2LQcboNgRLzGKF7kZ6KUrcKwXG,"<a href=https://gmgn.ai/sol/address/6GytUdKgKJbemWs65p2LQcboNgRLzGKF7kZ6KUrcKwXG target=_blank"">ðŸ”Ž </a>",0,13,18,37,32,1,2,2,2200,70386.0,2200,70386.0,[goob]
13,Bc3G2r2bCA6bYwVd6vpFvPbuCyZv831rSApwdHANkijZ,"<a href=https://gmgn.ai/sol/address/Bc3G2r2bCA6bYwVd6vpFvPbuCyZv831rSApwdHANkijZ target=_blank"">ðŸ”Ž </a>",0,3,25,29,28,2,3,-10,6770,189559.0,6770,189559.0,[LUCE eliza]
6,9FiWT63qdFyLfibj78oxdXpfbvrZhmqBxZAiS4uH7jr,"<a href=https://gmgn.ai/sol/address/9FiWT63qdFyLfibj78oxdXpfbvrZhmqBxZAiS4uH7jr target=_blank"">ðŸ”Ž </a>",1,6,13,95,88,1,7,-17,1391,122438.0,1360,121084.0,[ZEREBRO]
11,F1S7GqC5Bb73tG4RcDwoSWPNTD23cLJqiM9XzpeALDEZ,"<a href=https://gmgn.ai/sol/address/F1S7GqC5Bb73tG4RcDwoSWPNTD23cLJqiM9XzpeALDEZ target=_blank"">ðŸ”Ž </a>",4,18,23,44,34,1,6,35,4890,166246.0,4458,178305.0,[LUCE]
6,3JwF9zjQLb7JqFBLakFFJzuJ9Tjmrmu2G2Krf4LgYv5p,"<a href=https://gmgn.ai/sol/address/3JwF9zjQLb7JqFBLakFFJzuJ9Tjmrmu2G2Krf4LgYv5p target=_blank"">ðŸ”Ž </a>",0,6,33,16,15,1,3,66,1858,27868.0,1858,27868.0,[ai16z]
9,ERxUgNavZ2HiYTNrwASX1SHN8zqQCSp16W9rBNaGYLwX,"<a href=https://gmgn.ai/sol/address/ERxUgNavZ2HiYTNrwASX1SHN8zqQCSp16W9rBNaGYLwX target=_blank"">ðŸ”Ž </a>",0,5,24,40,37,2,7,36,2644,97821.0,2170,86781.0,[ACT Fartcoin]
11,4NuWyK56x6Q9LYzsYoCe4dgLxmdmJX19xcGbacufHxxt,"<a href=https://gmgn.ai/sol/address/4NuWyK56x6Q9LYzsYoCe4dgLxmdmJX19xcGbacufHxxt target=_blank"">ðŸ”Ž </a>",0,11,20,27,24,2,3,30,3799,91175.0,3288,85489.0,[Pnut Fartcoin]
11,8Bq1s3qkyWEcDq2PYZTkBHmwje6hWyn5o5qSXKqfevRm,"<a href=https://gmgn.ai/sol/address/8Bq1s3qkyWEcDq2PYZTkBHmwje6hWyn5o5qSXKqfevRm target=_blank"">ðŸ”Ž </a>",4,6,35,45,37,1,8,37,4648,171961.0,3961,178250.0,[Fartcoin]
13,6o8GtiD2xib1XPQgjkeYGxvU1nmKXKNQdNryCetxqSMF,"<a href=https://gmgn.ai/sol/address/6o8GtiD2xib1XPQgjkeYGxvU1nmKXKNQdNryCetxqSMF target=_blank"">ðŸ”Ž </a>",0,0,26,27,26,2,5,28,6579,171042.0,5211,145911.0,[$RIF éœž]
13,BLNbNipamF9mDwwpSdCdums9r9fGJtN7kwJBPQLc1rYZ,"<a href=https://gmgn.ai/sol/address/BLNbNipamF9mDwwpSdCdums9r9fGJtN7kwJBPQLc1rYZ target=_blank"">ðŸ”Ž </a>",25,15,14,39,28,1,1,-16,17042,477181.0,17042,477181.0,[Pnut]
6,9LczN3ev3WdHTVbFsZfoH3UukHi8RgoTZpdJHv5dS2Nj,"<a href=https://gmgn.ai/sol/address/9LczN3ev3WdHTVbFsZfoH3UukHi8RgoTZpdJHv5dS2Nj target=_blank"">ðŸ”Ž </a>",0,6,27,48,43,1,7,82,1610,69233.0,1500,67484.0,[GOAT]
9,8agHfdku63Ft29rpAqJwFAGigK17YqDvA5rmKWmPmr4R,"<a href=https://gmgn.ai/sol/address/8agHfdku63Ft29rpAqJwFAGigK17YqDvA5rmKWmPmr4R target=_blank"">ðŸ”Ž </a>",6,1,27,106,88,2,11,49,2586,227552.0,2543,228870.0,[ACT Ban]
6,Aw3kFpCW2nm1LfhLmszeqoApE6yRRtXoLaAPLmma25ML,"<a href=https://gmgn.ai/sol/address/Aw3kFpCW2nm1LfhLmszeqoApE6yRRtXoLaAPLmma25ML target=_blank"">ðŸ”Ž </a>",0,4,15,21,20,1,2,0,1455,29106.0,1455,29106.0,[FRED]
13,9uuq6Uch7nGQxQhHmTfrmXcSLP5nJFxFsRChL36pNG39,"<a href=https://gmgn.ai/sol/address/9uuq6Uch7nGQxQhHmTfrmXcSLP5nJFxFsRChL36pNG39 target=_blank"">ðŸ”Ž </a>",2,2,28,40,38,6,6,60,6409,243558.0,39129,1604285.0,[GOAT LUNA OPUS ZEREBRO KWEEN ðŸŸ¥ðŸŸ©]
9,6Mv8AGmB4TRXkG1bbg8uHw2dTTp3BcQtF2hFGeAM6p5z,"<a href=https://gmgn.ai/sol/address/6Mv8AGmB4TRXkG1bbg8uHw2dTTp3BcQtF2hFGeAM6p5z target=_blank"">ðŸ”Ž </a>",0,8,12,45,39,1,3,21,2341,91313.0,2003,80129.0,[ZEREBRO]
9,6KHVqXbPoUnjPjQxXvCVXAqUkXrZQmBycAnZ7ktoqVDv,"<a href=https://gmgn.ai/sol/address/6KHVqXbPoUnjPjQxXvCVXAqUkXrZQmBycAnZ7ktoqVDv target=_blank"">ðŸ”Ž </a>",7,14,16,27,18,1,2,16,2227,40079.0,2227,40079.0,[ai16z]
13,9FXukERkZypvPENijz5reSxWPEhSLAe6R3SaCfmYitSr,"<a href=https://gmgn.ai/sol/address/9FXukERkZypvPENijz5reSxWPEhSLAe6R3SaCfmYitSr target=_blank"">ðŸ”Ž </a>",0,0,33,6,6,1,1,-2,10172,61032.0,10172,61032.0,[SINK]
13,4Wt5PpRuyfi7R5TM1FhsFvR6LLbjNoADYNNxXN3hxy1q,"<a href=https://gmgn.ai/sol/address/4Wt5PpRuyfi7R5TM1FhsFvR6LLbjNoADYNNxXN3hxy1q target=_blank"">ðŸ”Ž </a>",16,8,17,25,23,1,3,-7,5803,133469.0,5803,133469.0,[REX]
13,EwCUCsL6TrNMJUk8iZP6yvaZgV393LAa1pr9fRKDkenu,"<a href=https://gmgn.ai/sol/address/EwCUCsL6TrNMJUk8iZP6yvaZgV393LAa1pr9fRKDkenu target=_blank"">ðŸ”Ž </a>",0,10,12,10,8,1,1,-25,10436,83491.0,9055,99601.0,[ACT]
9,EFnZNS3k8qk659Ut6NAcVW5rh3CFNVpwjhttST3HWwY8,"<a href=https://gmgn.ai/sol/address/EFnZNS3k8qk659Ut6NAcVW5rh3CFNVpwjhttST3HWwY8 target=_blank"">ðŸ”Ž </a>",4,5,36,73,63,1,14,45,1382,87048.0,2221,151016.0,[OPUS]
9,75unxxHzqczTzQy7Ywqy1pE7LP7eWL9Eq7ndi1jBve3,"<a href=https://gmgn.ai/sol/address/75unxxHzqczTzQy7Ywqy1pE7LP7eWL9Eq7ndi1jBve3 target=_blank"">ðŸ”Ž </a>",0,9,35,41,37,2,8,54,2464,91150.0,2464,91150.0,[BITCAT AVA]
6,2AMaYqtv9HxJqaawBLnqq8nEZmkwS17Di8z5buBgBHdD,"<a href=https://gmgn.ai/sol/address/2AMaYqtv9HxJqaawBLnqq8nEZmkwS17Di8z5buBgBHdD target=_blank"">ðŸ”Ž </a>",17,10,26,29,26,1,5,8,2222,57777.0,1960,52932.0,[DeSci]
12,Hj6F1TjevhQrKG2gXZ7DhvtonXH6kVqwjXQGa6RVt4EB,"<a href=https://gmgn.ai/sol/address/Hj6F1TjevhQrKG2gXZ7DhvtonXH6kVqwjXQGa6RVt4EB target=_blank"">ðŸ”Ž </a>",3,8,43,229,152,3,24,35,4043,614534.0,3630,758646.0,[DOGE LOOK OPK]
17,HRaY61kFrDbEcXnYRJRcL1pY7tRkaZDtiDArKiv7JaXt,"<a href=https://gmgn.ai/sol/address/HRaY61kFrDbEcXnYRJRcL1pY7tRkaZDtiDArKiv7JaXt target=_blank"">ðŸ”Ž </a>",0,0,75,4,4,2,3,1568,40825,163301.0,40825,163301.0,[vvaifu ZOA]
14,8jYw1qtEzEESbzUJMNe4RWdKYhti2Z52nGA3hA7CSKbJ,"<a href=https://gmgn.ai/sol/address/8jYw1qtEzEESbzUJMNe4RWdKYhti2Z52nGA3hA7CSKbJ target=_blank"">ðŸ”Ž </a>",0,0,52,24,21,7,5,50,37568,788938.0,37568,788938.0,[pippin RURI vvaifu eliza AVA MemesAI fur]
11,HgueuQ2L1vVC3M7Y42CWeSNjhWWMm9fEadM3mzivr3au,"<a href=https://gmgn.ai/sol/address/HgueuQ2L1vVC3M7Y42CWeSNjhWWMm9fEadM3mzivr3au target=_blank"">ðŸ”Ž </a>",4,12,31,24,19,3,5,41,2703,51363.0,9103,318589.0,[GOAT MEW $MYRO]
11,4Pi54MzdCo1WJ7wFUbDXzXa65UhE6EwLcsQKdgWV8bGx,"<a href=https://gmgn.ai/sol/address/4Pi54MzdCo1WJ7wFUbDXzXa65UhE6EwLcsQKdgWV8bGx target=_blank"">ðŸ”Ž </a>",10,17,34,28,23,1,4,-2,3751,86268.0,3251,78014.0,[scihub]
9,B7VP9ZypXpCsSkjD1r6zR8SGLZpb4Eji2ajfiy1tguhQ,"<a href=https://gmgn.ai/sol/address/B7VP9ZypXpCsSkjD1r6zR8SGLZpb4Eji2ajfiy1tguhQ target=_blank"">ðŸ”Ž </a>",14,25,23,35,26,1,3,-6,2831,73605.0,2831,73605.0,[PRO]
6,61hcYmdXg5hqNtnEXVHjyDYL8fVvqt6SocJb8UGdY38W,"<a href=https://gmgn.ai/sol/address/61hcYmdXg5hqNtnEXVHjyDYL8fVvqt6SocJb8UGdY38W target=_blank"">ðŸ”Ž </a>",0,15,31,39,32,1,4,-2,1521,48666.0,1684,57260.0,[ZEREBRO]
12,Ew3j7a8k7GaGqZfp5nc8Wfza1Wx83PuVykTtQBF6j9ya,"<a href=https://gmgn.ai/sol/address/Ew3j7a8k7GaGqZfp5nc8Wfza1Wx83PuVykTtQBF6j9ya target=_blank"">ðŸ”Ž </a>",0,0,42,9,7,1,2,13,1217,8518.0,12824,115415.0,[LOL]
14,5HfrnyodRraAw63aRVPueD5Er4D1sRKMZBMx9LBbhUAs,"<a href=https://gmgn.ai/sol/address/5HfrnyodRraAw63aRVPueD5Er4D1sRKMZBMx9LBbhUAs target=_blank"">ðŸ”Ž </a>",2,2,53,34,32,6,7,24,31893,1020566.0,31893,1020566.0,[ai16z $RIF $URO ACT Ban degenai]
13,Eph2d8Ur5qxCibfiGiD8YUjjzdFkUsvLZJWkRZt4eZcz,"<a href=https://gmgn.ai/sol/address/Eph2d8Ur5qxCibfiGiD8YUjjzdFkUsvLZJWkRZt4eZcz target=_blank"">ðŸ”Ž </a>",7,0,30,13,13,2,2,-17,6947,90316.0,6427,89973.0,[PRO OPUS]
13,2kgNHZ4byZhdLukHh67s6FaCZeJL1N6tV8CmvUtdZyHL,"<a href=https://gmgn.ai/sol/address/2kgNHZ4byZhdLukHh67s6FaCZeJL1N6tV8CmvUtdZyHL target=_blank"">ðŸ”Ž </a>",0,4,20,22,20,2,2,-5,6593,131857.0,49356,1085838.0,[Bert ðŸŸ¥ðŸŸ©]
13,HUHHVATEHqBQqGjqCax2VEuce9zCBkP6v4cPAXWYJpM2,"<a href=https://gmgn.ai/sol/address/HUHHVATEHqBQqGjqCax2VEuce9zCBkP6v4cPAXWYJpM2 target=_blank"">ðŸ”Ž </a>",0,7,30,14,13,1,3,994,5145,66890.0,13555,216872.0,[glorp]
13,FAmSNUJJCPLwKoHpywoaBiXKv4bc6PfQWK5UJiNDAoRe,"<a href=https://gmgn.ai/sol/address/FAmSNUJJCPLwKoHpywoaBiXKv4bc6PfQWK5UJiNDAoRe target=_blank"">ðŸ”Ž </a>",0,0,37,8,8,2,3,28,8901,71208.0,8901,71208.0,[$RIF Ban]
14,WT63B61tRb1ZxYghgezjbLidHCKKnRVrTwEEdPhz3FN,"<a href=https://gmgn.ai/sol/address/WT63B61tRb1ZxYghgezjbLidHCKKnRVrTwEEdPhz3FN target=_blank"">ðŸ”Ž </a>",0,0,61,20,13,2,2,8,3091,40185.0,34735,694700.0,[$WIF POPCAT]
13,5JeyXKrFvcow1f2q5AwiRxgFHKHJEpNSCanBFo4iN9iN,"<a href=https://gmgn.ai/sol/address/5JeyXKrFvcow1f2q5AwiRxgFHKHJEpNSCanBFo4iN9iN target=_blank"">ðŸ”Ž </a>",0,0,33,6,6,2,2,241,49102,294611.0,49102,294611.0,[$RIF Ban]
13,F4maY9U1DB6zDZHsnR5vbQ7BbXtdEyZ2ffnam55h6rLA,"<a href=https://gmgn.ai/sol/address/F4maY9U1DB6zDZHsnR5vbQ7BbXtdEyZ2ffnam55h6rLA target=_blank"">ðŸ”Ž </a>",0,22,20,9,5,1,1,7,92825,464127.0,38368,345313.0,[Fartcoin]
11,D37KwuoeLJJqVkD9EPaLD4zfwAZdp7WnH6BoJ5BPJ8rb,"<a href=https://gmgn.ai/sol/address/D37KwuoeLJJqVkD9EPaLD4zfwAZdp7WnH6BoJ5BPJ8rb target=_blank"">ðŸ”Ž </a>",16,7,21,310,285,5,53,72,3047,868402.0,3439,1000610.0,[BOSSU PRO Banana scihub Aurora]
13,BEb4wFf16jFXs89HfmeGZaa4mTMwcqf5uyrmFumRtdH9,"<a href=https://gmgn.ai/sol/address/BEb4wFf16jFXs89HfmeGZaa4mTMwcqf5uyrmFumRtdH9 target=_blank"">ðŸ”Ž </a>",0,5,37,17,16,3,5,154,15535,248552.0,13072,248375.0,[vvaifu POPCAT Fartcoin]
13,4mouYks3478R7mKibRQmeEmtKVruZRwxdzs6FKQrdDAa,"<a href=https://gmgn.ai/sol/address/4mouYks3478R7mKibRQmeEmtKVruZRwxdzs6FKQrdDAa target=_blank"">ðŸ”Ž </a>",0,13,39,30,23,4,6,39,53139,1222197.0,70387,1970847.0,[GOAT Peanut MOODENG Pnut]
11,HawPY7zrrEYZtFARhRLKsN8GUz4UNVfNz5r5DjxAaySh,"<a href=https://gmgn.ai/sol/address/HawPY7zrrEYZtFARhRLKsN8GUz4UNVfNz5r5DjxAaySh target=_blank"">ðŸ”Ž </a>",0,0,35,17,17,1,3,22,3068,52148.0,3068,52148.0,[FRED]
5,DxvipoRtfbzfM1dHfPm2tzGzNVVvunsSoSnWmN2cq8BZ,"<a href=https://gmgn.ai/sol/address/DxvipoRtfbzfM1dHfPm2tzGzNVVvunsSoSnWmN2cq8BZ target=_blank"">ðŸ”Ž </a>",0,10,28,46,25,1,0,-15,2185,54633.0,-9934,-407298.0,[FRED]
11,GB4PGoxJ5qaxmkdfBCxhw5Pcfet5Y5CpeMXdPwyBoj2R,"<a href=https://gmgn.ai/sol/address/GB4PGoxJ5qaxmkdfBCxhw5Pcfet5Y5CpeMXdPwyBoj2R target=_blank"">ðŸ”Ž </a>",2,4,27,49,47,4,7,6,3071,144325.0,3071,144325.0,[MUMU HFC CATANA aura]
10,7DC45exTzBDxuEhDFQ52R395ZZAHTKT7pBKKmTp7Mh7C,"<a href=https://gmgn.ai/sol/address/7DC45exTzBDxuEhDFQ52R395ZZAHTKT7pBKKmTp7Mh7C target=_blank"">ðŸ”Ž </a>",6,6,43,32,30,1,8,101,2856,85684.0,2856,85684.0,[Fartcoin]
